{"cameraMode":{"drawMode":0,"name":"Shaded","section":"Shading Mode"},"sceneLighting":false,"audioPlay":false,"sceneViewState":{"showFog":true,"showMaterialUpdate":false,"showSkybox":false,"showFlares":true,"showImageEffects":true,"showParticleSystems":true},"in2DMode":false,"pivot":{"x":-1.4012832641601563,"y":3.6194400787353517,"z":-8.04125690460205},"rotation":{"x":-0.21950314939022065,"y":0.6799464821815491,"z":-0.22511430084705354,"w":-0.6625689268112183},"size":12.603519439697266,"orthographic":false}