{"cameraMode":{"drawMode":0,"name":"Shaded","section":"Shading Mode"},"sceneLighting":false,"audioPlay":false,"sceneViewState":{"showFog":true,"showMaterialUpdate":false,"showSkybox":false,"showFlares":true,"showImageEffects":true,"showParticleSystems":true},"in2DMode":false,"pivot":{"x":67.87413024902344,"y":-9.670927047729493,"z":10.821306228637696},"rotation":{"x":-0.04038555175065994,"y":-0.6502795219421387,"z":0.06794194877147675,"w":-0.7582165598869324},"size":71.98826599121094,"orthographic":false}