{"cameraMode":{"drawMode":0,"name":"Shaded","section":"Shading Mode"},"sceneLighting":false,"audioPlay":false,"sceneViewState":{"showFog":true,"showMaterialUpdate":false,"showSkybox":false,"showFlares":true,"showImageEffects":true,"showParticleSystems":true},"in2DMode":false,"pivot":{"x":47.19641876220703,"y":9.483440399169922,"z":-87.49000549316406},"rotation":{"x":0.1239471510052681,"y":-0.8267475962638855,"z":0.09718924015760422,"w":0.5447480082511902},"size":40.16438293457031,"orthographic":false}