{"cameraMode":{"drawMode":0,"name":"Shaded","section":"Shading Mode"},"sceneLighting":false,"audioPlay":false,"sceneViewState":{"showFog":true,"showMaterialUpdate":false,"showSkybox":false,"showFlares":true,"showImageEffects":true,"showParticleSystems":true},"in2DMode":false,"pivot":{"x":5.211767673492432,"y":36.825340270996097,"z":-224.64500427246095},"rotation":{"x":0.004642443731427193,"y":-0.9940834641456604,"z":-0.010816343128681183,"w":0.11825809627771378},"size":194.5078582763672,"orthographic":false}