{"cameraMode":{"drawMode":0,"name":"Shaded","section":"Shading Mode"},"sceneLighting":false,"audioPlay":false,"sceneViewState":{"showFog":true,"showMaterialUpdate":false,"showSkybox":false,"showFlares":true,"showImageEffects":true,"showParticleSystems":true},"in2DMode":false,"pivot":{"x":575.3385009765625,"y":27.074462890625,"z":53.15861129760742},"rotation":{"x":-0.09167376160621643,"y":-0.7905485033988953,"z":0.15132132172584535,"w":-0.5894650816917419},"size":41.005455017089847,"orthographic":false}