{"cameraMode":{"drawMode":0,"name":"Shaded","section":"Shading Mode"},"sceneLighting":false,"audioPlay":false,"sceneViewState":{"showFog":true,"showMaterialUpdate":false,"showSkybox":false,"showFlares":true,"showImageEffects":true,"showParticleSystems":true},"in2DMode":false,"pivot":{"x":5.751684188842773,"y":-27.955158233642579,"z":25.52606773376465},"rotation":{"x":0.43257996439933779,"y":-0.34874391555786135,"z":0.15336589515209199,"w":0.8195884227752686},"size":54.7744140625,"orthographic":false}