{"cameraMode":{"drawMode":0,"name":"Shaded","section":"Shading Mode"},"sceneLighting":false,"audioPlay":false,"sceneViewState":{"showFog":true,"showMaterialUpdate":false,"showSkybox":false,"showFlares":true,"showImageEffects":true,"showParticleSystems":true},"in2DMode":false,"pivot":{"x":865.4035034179688,"y":15.827980041503907,"z":-370.1210632324219},"rotation":{"x":-0.010000035166740418,"y":-0.882201611995697,"z":0.01203127484768629,"w":-0.47260427474975588},"size":722.6893920898438,"orthographic":false}