{"cameraMode":{"drawMode":0,"name":"Shaded","section":"Shading Mode"},"sceneLighting":false,"audioPlay":false,"sceneViewState":{"showFog":true,"showMaterialUpdate":false,"showSkybox":false,"showFlares":true,"showImageEffects":true,"showParticleSystems":true},"in2DMode":false,"pivot":{"x":25.787078857421876,"y":46.71823501586914,"z":67.71829986572266},"rotation":{"x":-0.2510721981525421,"y":0.37599977850914,"z":0.06930048763751984,"w":0.8918382525444031},"size":60.159576416015628,"orthographic":false}