{"cameraMode":{"drawMode":0,"name":"Shaded","section":"Shading Mode"},"sceneLighting":true,"audioPlay":false,"sceneViewState":{"showFog":true,"showMaterialUpdate":false,"showSkybox":false,"showFlares":true,"showImageEffects":true,"showParticleSystems":true},"in2DMode":false,"pivot":{"x":56.664424896240237,"y":-3.9126052856445314,"z":2.803973913192749},"rotation":{"x":-0.079403355717659,"y":-0.6429848670959473,"z":0.10057080537080765,"w":-0.7579136490821838},"size":20.026105880737306,"orthographic":false}