{"cameraMode":{"drawMode":0,"name":"Shaded","section":"Shading Mode"},"sceneLighting":false,"audioPlay":false,"sceneViewState":{"showFog":true,"showMaterialUpdate":false,"showSkybox":false,"showFlares":true,"showImageEffects":true,"showParticleSystems":true},"in2DMode":false,"pivot":{"x":6.060792446136475,"y":-19.844623565673829,"z":59.12190246582031},"rotation":{"x":0.1842043399810791,"y":-0.19299262762069703,"z":0.014831027016043663,"w":0.9656660556793213},"size":71.9882583618164,"orthographic":false}