{"cameraMode":{"drawMode":0,"name":"Shaded","section":"Shading Mode"},"sceneLighting":false,"audioPlay":false,"sceneViewState":{"showFog":true,"showMaterialUpdate":false,"showSkybox":false,"showFlares":true,"showImageEffects":true,"showParticleSystems":true},"in2DMode":false,"pivot":{"x":15.849833488464356,"y":3.7615060806274416,"z":-2.3209824562072756},"rotation":{"x":0.026984073221683503,"y":-0.030884064733982087,"z":0.0008320113993249834,"w":0.9991812109947205},"size":3.758195638656616,"orthographic":false}