{"cameraMode":{"drawMode":0,"name":"Shaded","section":"Shading Mode"},"sceneLighting":false,"audioPlay":false,"sceneViewState":{"showFog":true,"showMaterialUpdate":false,"showSkybox":false,"showFlares":true,"showImageEffects":true,"showParticleSystems":true},"in2DMode":false,"pivot":{"x":118.0201644897461,"y":-5.880800724029541,"z":81.86531829833985},"rotation":{"x":-0.069512739777565,"y":-0.8422867059707642,"z":0.17927566170692445,"w":-0.5081049799919128},"size":53.26435470581055,"orthographic":false}