{"cameraMode":{"drawMode":0,"name":"Shaded","section":"Shading Mode"},"sceneLighting":false,"audioPlay":false,"sceneViewState":{"showFog":true,"showMaterialUpdate":false,"showSkybox":false,"showFlares":true,"showImageEffects":true,"showParticleSystems":true},"in2DMode":false,"pivot":{"x":467.4493713378906,"y":100.87677001953125,"z":196.2850341796875},"rotation":{"x":-0.08705591410398483,"y":-0.27129048109054568,"z":0.02471746876835823,"w":-0.9584590792655945},"size":305.1792907714844,"orthographic":false}