{"cameraMode":{"drawMode":0,"name":"Shaded","section":"Shading Mode"},"sceneLighting":true,"audioPlay":false,"sceneViewState":{"showFog":false,"showMaterialUpdate":false,"showSkybox":false,"showFlares":false,"showImageEffects":false,"showParticleSystems":false},"in2DMode":false,"pivot":{"x":29.37022590637207,"y":1.334114670753479,"z":4.588935375213623},"rotation":{"x":0.09386178851127625,"y":0.717591404914856,"z":-0.09695694595575333,"w":0.6837371587753296},"size":10.46447467803955,"orthographic":false}