{"cameraMode":{"drawMode":0,"name":"Shaded","section":"Shading Mode"},"sceneLighting":false,"audioPlay":false,"sceneViewState":{"showFog":true,"showMaterialUpdate":false,"showSkybox":false,"showFlares":true,"showImageEffects":true,"showParticleSystems":true},"in2DMode":false,"pivot":{"x":59.765995025634769,"y":2.0358943939208986,"z":-22.027212142944337},"rotation":{"x":0.00559456879273057,"y":-0.9913563132286072,"z":0.10717535018920899,"w":-0.09372231364250183},"size":14.747175216674805,"orthographic":false}