{"cameraMode":{"drawMode":0,"name":"Shaded","section":"Shading Mode"},"sceneLighting":false,"audioPlay":false,"sceneViewState":{"showFog":true,"showMaterialUpdate":false,"showSkybox":false,"showFlares":true,"showImageEffects":true,"showParticleSystems":true},"in2DMode":false,"pivot":{"x":577.345947265625,"y":35.734405517578128,"z":143.9461669921875},"rotation":{"x":0.10140896588563919,"y":-0.8846579790115356,"z":0.1727675199508667,"w":0.4250643253326416},"size":20.40213394165039,"orthographic":false}