{"cameraMode":{"drawMode":0,"name":"Shaded","section":"Shading Mode"},"sceneLighting":false,"audioPlay":false,"sceneViewState":{"showFog":true,"showMaterialUpdate":false,"showSkybox":false,"showFlares":true,"showImageEffects":true,"showParticleSystems":true},"in2DMode":false,"pivot":{"x":16.59050178527832,"y":3.733935832977295,"z":11.382110595703125},"rotation":{"x":-0.012586057186126709,"y":-0.7352274060249329,"z":0.013309669680893422,"w":-0.6778808236122131},"size":13.462793350219727,"orthographic":false}